City_ID,City,Country,Lat,Lng,Max Temp,Humidity,Cloudiness,Wind Speed,Current Description
0,Padang,ID,-0.9492,100.3543,77.05,85,100,3.76,overcast clouds
1,Castro,BR,-24.7911,-50.0119,64.04,85,99,0.78,overcast clouds
2,Carutapera,BR,-1.195,-46.02,77.07,91,100,5.66,overcast clouds
3,Jamestown,US,42.097,-79.2353,39.72,82,5,1.01,clear sky
4,Yellowknife,CA,62.456,-114.3525,28.42,100,90,10.36,overcast clouds
5,Faanui,PF,-16.4833,-151.75,79.07,75,26,7.85,light rain
6,Yinchuan,CN,38.4681,106.2731,29.46,64,100,7.56,snow
7,Lorengau,PG,-2.0226,147.2712,85.68,67,84,8.21,broken clouds
8,Chicama,PE,-7.8447,-79.1469,66.11,82,66,6.53,broken clouds
9,Taman,RU,45.2117,36.7161,46.72,83,45,6.24,scattered clouds
10,Cayenne,GF,4.9333,-52.3333,81.09,87,20,1.01,light rain
11,Mataura,NZ,-46.1927,168.8643,66.47,35,100,4.16,overcast clouds
12,Albany,US,42.6001,-73.9662,37.92,79,0,4.59,clear sky
13,Saskylakh,RU,71.9167,114.0833,-2.96,91,96,17.63,overcast clouds
14,Victoria,HK,22.2855,114.1577,80.65,86,1,1.01,clear sky
15,Rikitea,PF,-23.1203,-134.9692,75.02,78,97,11.68,light rain
16,Pionerskiy,RU,54.9508,20.2275,48.04,84,100,28.41,overcast clouds
17,College,US,64.8569,-147.8028,24.66,85,100,2.19,light snow
18,Arraial Do Cabo,BR,-22.9661,-42.0278,70.0,80,4,7.29,clear sky
19,Toledo,ES,39.8333,-4.0,42.12,72,7,10.11,clear sky
20,Talnakh,RU,69.4865,88.3972,-8.9,100,93,3.56,overcast clouds
21,Lebu,CL,-37.6167,-73.65,52.48,88,0,17.2,clear sky
22,Vestmanna,FO,62.1564,-7.1664,38.32,93,90,1.14,overcast clouds
23,Cilegon,ID,-6.0174,106.0538,82.29,70,100,3.58,overcast clouds
24,Barrow,US,71.2906,-156.7887,21.02,89,100,24.52,overcast clouds
25,Kodiak,US,57.79,-152.4072,36.39,74,96,5.91,overcast clouds
26,Kuusankoski,FI,60.907,26.6244,39.72,99,90,9.22,overcast clouds
27,Nosy Varika,MG,-20.5833,48.5333,71.04,93,100,8.46,light rain
28,Atuona,PF,-9.8,-139.0333,78.57,70,3,15.9,clear sky
29,East London,ZA,-33.0153,27.9116,64.72,87,100,12.44,light rain
30,Powell River,CA,49.8496,-124.5361,46.0,85,59,8.88,broken clouds
31,Leningradskiy,RU,69.3833,178.4167,-10.73,96,30,5.53,scattered clouds
32,Conceicao Do Araguaia,BR,-8.2578,-49.2647,76.55,81,76,2.55,broken clouds
33,Fukue,JP,32.6881,128.8419,65.82,63,100,8.75,light rain
34,Sao Filipe,CV,14.8961,-24.4956,79.38,72,85,6.44,overcast clouds
35,Katsuura,JP,35.1333,140.3,67.19,57,6,12.33,clear sky
36,Iwanai,JP,42.9744,140.5089,52.86,60,0,0.11,clear sky
37,Punta Arenas,CL,-53.15,-70.9167,51.91,62,75,25.32,broken clouds
38,Saint George,US,37.1041,-113.5841,71.35,30,0,1.43,clear sky
39,Cape Town,ZA,-33.9258,18.4232,57.11,86,4,6.93,clear sky
40,Turayf,SA,31.6725,38.6637,60.57,47,0,7.99,clear sky
41,Paramonga,PE,-10.6667,-77.8333,64.65,87,100,8.75,overcast clouds
42,Tual,ID,-5.6667,132.75,83.75,73,98,4.29,overcast clouds
43,Khatanga,RU,71.9667,102.5,2.97,95,100,18.41,light snow
44,Port Elizabeth,ZA,-33.918,25.5701,61.21,81,100,7.11,overcast clouds
45,Lompoc,US,34.6391,-120.4579,67.01,80,1,11.01,clear sky
46,Dikson,RU,73.5069,80.5464,19.04,92,100,14.65,overcast clouds
47,Hasaki,JP,35.7333,140.8333,63.28,57,2,12.93,clear sky
48,Airai,TL,-8.9266,125.4092,75.34,54,84,2.42,broken clouds
49,Madimba,TZ,-10.4,40.3333,74.91,86,5,1.81,clear sky
50,Bengkulu,ID,-3.8004,102.2655,76.06,88,100,7.34,overcast clouds
51,Hermanus,ZA,-34.4187,19.2345,56.89,76,17,5.19,few clouds
52,Harper,LR,4.375,-7.7169,78.28,87,99,7.83,overcast clouds
53,Bethel,US,41.3712,-73.414,43.81,72,0,3.91,clear sky
54,Vao,NC,-22.6667,167.4833,68.88,61,100,9.28,overcast clouds
55,Grindavik,IS,63.8424,-22.4338,37.87,87,0,14.97,clear sky
56,Hithadhoo,MV,-0.6,73.0833,80.38,78,100,16.33,heavy intensity rain
57,Port Shepstone,ZA,-30.7414,30.455,69.87,77,99,12.21,overcast clouds
58,Sai Buri,TH,6.7013,101.6168,78.96,83,100,5.3,overcast clouds
59,Bredasdorp,ZA,-34.5322,20.0403,49.32,81,46,4.61,scattered clouds
60,Shenzhen,CN,22.5455,114.0683,80.55,91,3,3.04,clear sky
61,Port Blair,IN,11.6667,92.75,80.65,80,96,5.5,overcast clouds
62,Vaini,TO,-21.2,-175.2,82.56,89,20,9.22,few clouds
63,Ahipara,NZ,-35.1667,173.1667,64.81,80,57,5.66,broken clouds
64,Sibolga,ID,1.7427,98.7792,77.36,84,100,0.85,overcast clouds
65,Qaanaaq,GL,77.484,-69.3632,10.8,69,98,11.03,overcast clouds
66,Koundara,GN,12.4833,-13.3,77.49,73,3,2.95,clear sky
67,Bluff,NZ,-46.6,168.3333,66.79,65,100,10.76,overcast clouds
68,Hornepayne,CA,49.2138,-84.7705,41.32,77,100,12.8,overcast clouds
69,Avarua,CK,-21.2078,-159.775,78.85,65,95,10.36,overcast clouds
70,Busselton,AU,-33.65,115.3333,58.05,54,45,6.06,scattered clouds
71,Nikolskoye,RU,59.7035,30.7861,44.87,82,100,8.61,overcast clouds
72,Codrington,AU,-38.2667,141.9667,62.94,88,100,12.35,light rain
73,Concepcion,CL,-36.827,-73.0498,57.0,77,0,11.5,clear sky
74,Sitka,US,57.0531,-135.33,42.01,92,89,6.69,moderate rain
75,Synya,RU,65.3718,58.0387,34.56,98,100,12.73,light rain
76,Tajao,PH,10.3148,123.5835,83.59,75,93,2.71,overcast clouds
77,Hobart,AU,-42.8794,147.3294,72.05,62,75,1.99,light rain
78,Bilibino,RU,68.0546,166.4372,-11.69,99,71,4.18,broken clouds
79,West Wendover,US,40.7391,-114.0733,53.91,53,100,2.57,overcast clouds
80,New Norfolk,AU,-42.7826,147.0587,71.71,58,100,1.99,moderate rain
81,Bintulu,MY,3.1667,113.0333,78.62,89,100,4.59,overcast clouds
82,Trairi,BR,-3.2778,-39.2689,80.11,79,100,8.57,overcast clouds
83,Bandarbeyla,SO,9.4942,50.8122,75.92,77,0,6.38,clear sky
84,Nome,US,64.5011,-165.4064,26.67,81,90,18.41,overcast clouds
85,Upernavik,GL,72.7868,-56.1549,11.44,69,12,6.35,few clouds
86,Biak,ID,-0.9131,122.8766,83.23,70,58,1.23,broken clouds
87,Rognan,NO,67.0953,15.3878,37.89,90,100,7.76,overcast clouds
88,Fairbanks,US,64.8378,-147.7164,23.59,85,100,2.3,light snow
89,Kamiiso,JP,41.8167,140.65,53.62,66,21,2.01,few clouds
90,San Quintin,MX,30.4833,-115.95,65.39,83,6,6.53,clear sky
91,Matara,LK,5.9485,80.5353,76.84,89,67,8.05,broken clouds
92,Nanortalik,GL,60.1432,-45.2371,30.78,79,92,4.99,overcast clouds
93,Ayorou,NE,14.7308,0.9174,86.14,19,0,7.27,clear sky
94,Jacareacanga,BR,-6.2222,-57.7528,75.16,83,86,1.5,overcast clouds
95,Souillac,MU,-20.5167,57.5167,71.37,82,49,8.55,scattered clouds
96,Bahile,PH,9.9995,118.7878,82.67,79,100,6.15,overcast clouds
97,Port Augusta,AU,-32.5,137.7667,89.71,30,8,19.86,clear sky
98,Labuhan,ID,-6.8844,112.2051,84.43,72,100,6.73,overcast clouds
99,Ushuaia,AR,-54.8,-68.3,53.26,43,40,16.11,scattered clouds
100,Kathmandu,NP,27.7167,85.3167,50.22,100,20,2.3,mist
101,Merritt Island,US,28.5392,-80.672,70.09,91,90,18.01,overcast clouds
102,Srednekolymsk,RU,67.45,153.6833,2.19,87,100,4.65,overcast clouds
103,Ola,RU,59.5833,151.2833,25.14,92,100,3.74,light snow
104,Boende,CD,-0.2167,20.8667,70.36,98,41,1.25,scattered clouds
105,Fort Nelson,CA,58.8053,-122.7002,32.2,99,100,1.68,overcast clouds
106,Wajir,KE,1.7471,40.0573,77.27,70,0,14.09,clear sky
107,Berlevag,NO,70.8578,29.0864,36.34,98,100,25.59,overcast clouds
108,Paraiso,CR,9.8383,-83.8656,68.41,96,85,1.79,overcast clouds
109,Guane,CU,22.2025,-84.0875,74.34,85,64,6.51,broken clouds
110,Vila Velha,BR,-20.3297,-40.2925,72.95,83,75,5.01,broken clouds
111,Pevek,RU,69.7008,170.3133,-10.75,94,5,7.18,clear sky
112,Monrovia,LR,6.3005,-10.7969,79.93,82,39,5.37,scattered clouds
113,Lata,PT,40.1629,-8.3327,45.07,74,0,5.06,clear sky
114,Ouesso,CG,1.6136,16.0517,70.61,96,100,1.01,light rain
115,Teya,RU,60.3778,92.6267,21.47,85,100,12.57,overcast clouds
116,Khandyga,RU,62.6667,135.6,6.67,92,100,5.79,overcast clouds
117,Vila Franca Do Campo,PT,37.7167,-25.4333,70.2,85,100,18.45,overcast clouds
118,Santa Marinella,IT,42.0345,11.8536,56.55,87,90,4.43,overcast clouds
119,Tommot,RU,58.9564,126.2925,7.86,79,100,11.81,overcast clouds
120,Miri,MY,4.4148,114.0089,80.26,82,99,3.8,overcast clouds
121,Russellville,US,35.2784,-93.1338,43.99,79,1,0.0,clear sky
122,Vanimo,PG,-2.6741,141.3028,82.83,77,100,7.43,overcast clouds
123,Husavik,IS,66.0449,-17.3389,27.55,84,98,7.87,overcast clouds
124,Hilo,US,19.7297,-155.09,82.13,72,1,10.36,clear sky
125,Sterling,US,39.0062,-77.4286,43.79,78,75,0.0,broken clouds
126,Laguna,US,38.421,-121.4238,63.43,66,1,1.99,clear sky
127,Butaritari,KI,3.0707,172.7902,82.31,72,48,12.84,light rain
128,Puerto Ayora,EC,-0.7393,-90.3518,69.04,78,100,9.42,overcast clouds
129,Yerbogachen,RU,61.2767,108.0108,13.26,92,100,14.14,light snow
130,Muros,ES,42.7762,-9.0603,52.99,76,23,9.55,few clouds
131,Faya,SA,18.3851,42.4509,54.12,50,88,2.51,overcast clouds
132,Pokhara,NP,28.2333,83.9833,56.53,50,100,5.88,overcast clouds
133,Geraldton,AU,-28.7667,114.6,66.61,52,0,17.27,clear sky
134,Shubarkuduk,KZ,49.1447,56.4872,25.65,21,58,5.91,broken clouds
135,Kenai,US,60.5544,-151.2583,36.09,92,20,0.0,light rain
136,Nanzhang,CN,31.7765,111.8386,63.75,79,100,5.75,overcast clouds
137,Joshimath,IN,30.5667,79.5667,47.48,27,3,7.81,clear sky
138,San Bernardo,CL,-33.6,-70.7167,65.75,41,0,3.47,clear sky
139,Constitucion,CL,-35.3333,-72.4167,51.6,85,0,4.59,clear sky
140,Port Alfred,ZA,-33.5906,26.891,63.88,80,100,8.23,light rain
141,Ponta Do Sol,PT,32.6667,-17.1,67.71,65,14,8.19,few clouds
142,Kavieng,PG,-2.5744,150.7967,85.01,71,83,13.78,broken clouds
143,Tiksi,RU,71.6872,128.8694,4.69,80,100,22.39,overcast clouds
144,Kurumkan,RU,54.3,110.3,10.4,68,64,2.37,broken clouds
145,La Cruz,MX,23.9167,-106.9,80.47,82,66,1.99,broken clouds
146,Puerto Narino,CO,-3.7703,-70.3831,76.95,96,79,0.67,broken clouds
147,Olafsvik,IS,64.8945,-23.7142,37.02,84,100,14.29,overcast clouds
148,Cockburn Town,TC,21.4612,-71.1419,83.28,76,100,20.49,overcast clouds
149,Tasiilaq,GL,65.6145,-37.6368,17.42,85,100,7.63,overcast clouds
150,Kuusamo,FI,65.9667,29.1833,33.84,93,90,5.75,light snow
151,Bambous Virieux,MU,-20.3428,57.7575,73.65,88,20,4.61,few clouds
152,Palu,ID,-0.8917,119.8707,83.41,81,100,1.9,overcast clouds
153,Presidente Medici,BR,-11.1753,-61.9014,74.39,93,100,1.66,overcast clouds
154,Cervo,ES,43.6702,-7.4101,55.96,73,19,10.07,few clouds
155,Sur,OM,22.5667,59.5289,75.16,57,0,9.06,clear sky
156,Sabha,LY,27.0377,14.4283,72.3,26,0,11.32,clear sky
157,Virginia Beach,US,36.8529,-75.978,54.0,56,90,12.66,overcast clouds
158,Altamira,BR,-3.2033,-52.2064,78.6,65,74,1.77,broken clouds
159,Skibbereen,IE,51.55,-9.2667,48.0,82,98,13.27,overcast clouds
160,Mahebourg,MU,-20.4081,57.7,71.26,82,24,9.4,few clouds
161,Longyearbyen,SJ,78.2186,15.6401,15.64,62,40,13.8,scattered clouds
162,Panama City,PA,8.9936,-79.5197,82.06,79,67,5.01,broken clouds
163,Gamba,GA,-2.65,10.0,76.57,88,100,5.84,overcast clouds
164,Benjamin Hill,MX,30.1667,-111.1,76.17,20,86,6.51,overcast clouds
165,Georgetown,MY,5.4112,100.3354,82.33,83,20,0.0,few clouds
166,Nara,JP,34.6851,135.8049,64.49,43,100,0.47,overcast clouds
167,Namtsy,RU,62.7161,129.6658,3.31,91,100,7.31,overcast clouds
168,Kaoma,ZM,-14.7833,24.8,64.38,77,6,4.03,clear sky
169,Alice Springs,AU,-23.7,133.8833,92.75,27,0,5.75,clear sky
170,Pangody,RU,65.85,74.4859,10.67,96,53,7.85,broken clouds
171,Mandurah,AU,-32.55,115.7,64.22,58,82,7.92,broken clouds
172,Marang,MY,5.2056,103.2059,79.34,83,92,2.13,overcast clouds
173,Izhma,RU,65.0083,53.9113,35.56,98,100,12.97,overcast clouds
174,Daru,PG,-9.0763,143.2092,84.7,71,63,9.24,broken clouds
175,Margate,GB,51.3813,1.3862,50.04,78,100,1.01,overcast clouds
176,Esperance,AU,-33.8667,121.9,56.82,58,100,5.5,overcast clouds
177,Mayo,US,38.8876,-76.5119,47.55,75,89,8.08,overcast clouds
178,Saldanha,ZA,-33.0117,17.9442,59.31,71,9,14.03,clear sky
179,Torbay,CA,47.6666,-52.7314,34.57,95,90,4.61,snow
180,Guerrero Negro,MX,27.9769,-114.0611,68.47,78,84,10.11,broken clouds
181,San Pedro De Ycuamandiyu,PY,-24.0917,-57.0764,72.5,95,29,3.04,scattered clouds
182,Lagoa,PT,39.05,-27.9833,68.2,89,100,27.94,overcast clouds
183,Santa Cruz,BO,-17.8,-63.1667,65.66,77,75,23.02,moderate rain
184,Tura,IN,25.5198,90.2201,63.46,88,1,3.18,clear sky
185,Dobson,US,36.3957,-80.7226,44.17,73,100,5.75,overcast clouds
186,Aripuana,BR,-9.1667,-60.6333,74.12,94,75,2.62,broken clouds
187,Mattru,SL,7.6244,-11.8332,75.34,92,20,1.66,few clouds
188,Takoradi,GH,4.8845,-1.7554,76.78,89,100,3.76,overcast clouds
189,Salalah,OM,17.0151,54.0924,75.29,69,20,2.3,few clouds
190,At-Bashi,KG,41.1702,75.8106,13.69,69,1,6.42,clear sky
191,Tuzha,RU,57.6062,47.936,44.2,90,100,19.62,overcast clouds
192,Gondanglegi,ID,-7.7479,112.0132,84.52,68,89,2.51,overcast clouds
193,Nelson Bay,AU,-32.7167,152.15,80.1,55,78,3.0,broken clouds
194,Davila,PH,18.4726,120.5763,84.25,70,6,1.5,clear sky
195,Hofn,IS,64.2539,-15.2082,38.43,71,100,13.73,overcast clouds
196,Sept-Iles,CA,50.2001,-66.3821,36.05,64,24,5.99,few clouds
197,Mar Del Plata,AR,-38.0023,-57.5575,54.88,77,0,8.99,clear sky
198,Bukama,CD,-9.2,25.85,70.23,78,31,1.43,scattered clouds
199,Saint-Louis,SN,16.3333,-15.0,85.23,17,16,8.95,few clouds
200,Henties Bay,NA,-22.116,14.2845,57.92,94,22,5.84,few clouds
201,Tuatapere,NZ,-46.1333,167.6833,67.82,47,75,4.74,broken clouds
202,Kastamonu,TR,41.5,33.6667,48.0,52,12,2.46,few clouds
203,Itaituba,BR,-4.2761,-55.9836,79.32,68,30,1.86,scattered clouds
204,Plettenberg Bay,ZA,-34.0527,23.3716,57.04,81,30,2.8,scattered clouds
205,Haimen,CN,23.1935,116.6142,76.8,77,0,1.68,clear sky
206,Centralia,US,46.7162,-122.9543,49.42,81,1,0.0,clear sky
207,Ugoofaaru,MV,5.6667,73.0,81.77,79,100,16.51,overcast clouds
208,Thinadhoo,MV,0.5333,72.9333,78.39,86,100,23.31,overcast clouds
209,Kaniama,CD,-7.5667,24.1833,62.44,92,100,3.04,overcast clouds
210,Opuwo,NA,-18.0607,13.84,72.16,27,6,4.97,clear sky
211,Carnarvon,AU,-24.8667,113.6333,69.87,60,0,26.46,clear sky
212,Chokurdakh,RU,70.6333,147.9167,1.98,86,100,5.32,overcast clouds
213,Nehe,CN,48.4833,124.8333,23.9,29,100,15.66,overcast clouds
214,Sangar,RU,63.9242,127.4739,1.2,96,100,9.73,light snow
215,Hunchun,CN,42.8675,130.3581,53.1,72,11,1.3,few clouds
216,Santarem,BR,-2.4431,-54.7083,75.33,100,0,0.0,clear sky
217,Fortuna,US,40.5982,-124.1573,54.43,68,100,4.0,overcast clouds
218,Catemaco,MX,18.4167,-95.1167,73.15,90,95,4.54,overcast clouds
219,Touros,BR,-5.1989,-35.4608,81.5,84,23,9.22,few clouds
220,Kuvandyk,RU,51.4781,57.3552,24.75,41,95,4.5,overcast clouds
221,Sikeston,US,36.8767,-89.5879,44.78,75,1,0.0,clear sky
222,Luanda,AO,-8.8368,13.2343,77.0,83,20,6.91,light rain
223,Riohacha,CO,11.5444,-72.9072,80.06,71,100,8.97,overcast clouds
224,Port Moresby,PG,-9.4431,147.1797,85.01,67,99,5.73,overcast clouds
225,Loei,TH,17.4167,101.5,68.13,85,81,1.14,broken clouds
226,Souris,CA,49.6172,-100.2612,50.07,63,100,9.51,overcast clouds
227,San Patricio,US,28.017,-97.5169,64.49,61,0,5.7,clear sky
228,Praia,CV,14.9215,-23.5087,75.74,88,20,14.97,few clouds
229,Pandan,PH,14.0453,124.1694,84.33,74,36,6.73,scattered clouds
230,Monte Escobedo,MX,22.3,-103.5833,59.86,39,68,2.57,broken clouds
231,Ribeira Grande,PT,38.5167,-28.7,69.03,95,100,24.32,overcast clouds
232,Saint-Pierre,RE,-21.3393,55.4781,71.29,68,0,4.61,clear sky
233,Zhigansk,RU,66.7697,123.3711,5.07,94,100,24.27,light snow
234,Quatre Cocos,MU,-20.2078,57.7625,71.1,84,12,10.85,few clouds
235,Karpathos,GR,35.507,27.2132,67.96,83,100,11.5,overcast clouds
236,Egvekinot,RU,66.3167,-179.1667,-5.69,82,1,5.57,clear sky
237,Alyangula,AU,-13.8483,136.4192,87.42,58,71,10.51,broken clouds
238,Sorong,ID,-0.8833,131.25,83.68,73,99,2.59,overcast clouds
239,Oriximina,BR,-1.7656,-55.8661,78.24,80,75,4.25,broken clouds
240,Odweyne,SO,9.4092,45.064,66.99,26,5,8.95,clear sky
241,Ulaanbaatar,MN,47.9077,106.8832,-0.27,65,0,2.24,clear sky
242,Sobolevo,RU,54.4299,31.8996,42.69,82,100,13.65,overcast clouds
243,Cabo San Lucas,MX,22.8909,-109.9124,80.62,69,1,2.3,clear sky
244,Sault Sainte Marie,CA,46.5168,-84.3333,46.96,53,1,6.91,clear sky
245,Mocuba,MZ,-16.8392,36.9856,69.37,95,18,3.51,few clouds
246,Kunming,CN,25.0389,102.7183,57.04,82,6,3.89,clear sky
247,Placido De Castro,BR,-10.3353,-67.1856,75.58,79,28,1.86,scattered clouds
248,Oistins,BB,13.0667,-59.5333,80.69,78,40,19.57,scattered clouds
249,Patti,IN,31.2808,74.8572,60.75,43,0,4.65,clear sky
250,Lamu,KE,-2.2717,40.902,77.22,81,53,10.98,broken clouds
251,Kyabram,AU,-36.3167,145.05,77.88,46,82,8.81,broken clouds
252,Mula,ES,38.0409,-1.4901,49.33,52,100,11.3,overcast clouds
253,Coquimbo,CL,-29.9533,-71.3436,55.71,80,1,4.38,clear sky
254,Thompson,CA,55.7435,-97.8558,34.43,77,100,2.86,overcast clouds
255,Peniche,PT,39.3558,-9.3811,56.62,79,0,11.88,clear sky
256,Rio Grande,BR,-32.035,-52.0986,64.94,94,100,21.0,overcast clouds
257,Hamilton,US,39.1834,-84.5333,43.41,73,1,0.0,clear sky
258,Mandalay,MM,21.9747,96.0836,75.29,86,73,2.86,broken clouds
259,Ouahigouya,BF,13.5828,-2.4216,85.1,25,4,5.84,clear sky
260,Petropavl,KZ,54.8753,69.1628,31.06,72,100,12.71,overcast clouds
261,Roros,NO,62.5747,11.3842,30.04,86,90,5.75,snow
262,Ust-Karsk,RU,52.7011,118.8077,13.26,41,10,8.59,clear sky
263,Pandan Niog,PH,6.2282,120.5631,82.71,76,25,4.83,scattered clouds
264,Sabi,GM,13.2333,-14.2,80.49,61,0,4.76,clear sky
265,Cauquenes,CL,-35.9671,-72.3225,53.67,60,0,5.3,clear sky
266,Ulverstone,AU,-41.15,146.1667,66.29,93,100,5.88,moderate rain
267,Molokovo,RU,58.1661,36.7628,45.72,73,100,15.12,overcast clouds
268,Gisborne,NZ,-38.6533,178.0042,57.94,93,100,5.08,moderate rain
269,Northam,GB,51.0333,-4.2167,53.1,83,97,10.36,overcast clouds
270,Byron Bay,AU,-28.65,153.6167,74.05,84,88,7.25,overcast clouds
271,Karratha,AU,-20.7377,116.8463,87.82,31,8,4.56,clear sky
272,Businga,CD,3.3333,20.8833,70.27,97,100,1.61,light rain
273,Maine-Soroa,NE,13.2114,12.0241,80.91,13,100,8.9,overcast clouds
274,Namibe,AO,-15.1961,12.1522,65.93,86,95,5.91,overcast clouds
275,Aklavik,CA,68.2191,-135.0107,20.12,97,100,6.17,overcast clouds
276,Piacabucu,BR,-10.4056,-36.4344,78.69,84,98,10.02,overcast clouds
277,Kushiro,JP,42.975,144.3747,46.31,79,99,4.5,overcast clouds
278,Isangel,VU,-19.55,169.2667,77.22,76,92,13.56,overcast clouds
279,Naze,JP,28.3667,129.4833,64.76,89,100,14.92,overcast clouds
280,Roald,NO,62.5833,6.1333,44.91,70,75,17.27,broken clouds
281,Kizlyar,RU,43.8469,46.715,49.62,65,10,20.6,clear sky
282,Narsaq,GL,60.9167,-46.05,26.82,92,89,7.11,overcast clouds
283,Aden,YE,12.7794,45.0367,81.82,55,51,7.14,broken clouds
284,Iseyin,NG,7.9667,3.6,73.63,90,98,4.36,overcast clouds
285,Mumford,GH,5.2618,-0.759,78.66,84,100,6.6,overcast clouds
286,Yartsevo,RU,55.0667,32.6964,42.94,83,100,12.12,overcast clouds
287,Batalha,BR,-9.6778,-37.1247,79.88,68,76,4.12,broken clouds
288,Petropavlovsk-Kamchatskiy,RU,53.0452,158.6483,30.79,64,40,6.71,scattered clouds
289,Bubaque,GW,11.2833,-15.8333,83.53,74,11,6.76,light rain
290,Knysna,ZA,-34.0363,23.0471,56.66,83,25,1.68,scattered clouds
291,Catuday,PH,16.2923,119.8062,82.04,73,12,7.25,few clouds
292,Hirara,JP,24.8,125.2833,78.96,77,88,15.95,overcast clouds
293,Tadine,NC,-21.55,167.8833,73.04,59,100,12.24,overcast clouds
294,El Reno,US,35.5323,-97.955,53.28,82,1,0.0,clear sky
295,Inongo,CD,-1.95,18.2667,71.31,95,94,3.22,overcast clouds
296,Mount Gambier,AU,-37.8333,140.7667,58.64,98,100,9.13,moderate rain
297,Oranjemund,NA,-28.55,16.4333,58.17,91,75,10.96,broken clouds
298,Wajima,JP,37.4,136.9,61.25,56,2,8.68,clear sky
299,Dossor,KZ,47.5272,52.9811,28.92,48,1,11.56,clear sky
300,Necochea,AR,-38.5473,-58.7368,49.03,64,100,9.55,overcast clouds
301,Beringovskiy,RU,63.05,179.3167,2.55,81,1,5.14,clear sky
302,Balaipungut,ID,1.05,101.2833,75.61,92,100,1.1,overcast clouds
303,Aleksandrov Gay,RU,50.147,48.5704,33.13,50,21,11.5,few clouds
304,Vardo,NO,70.3705,31.1107,35.85,99,100,10.74,overcast clouds
305,Caxito,AO,-8.5785,13.6643,77.65,88,100,2.48,overcast clouds
306,Port Arthur,CN,38.8,121.2667,59.92,81,3,11.12,clear sky
307,Yefremov,RU,53.1481,38.0992,54.59,92,100,16.28,overcast clouds
308,Jha Jha,IN,24.7667,86.3667,64.63,67,9,4.36,clear sky
309,Chernyshevskiy,RU,63.0128,112.4714,11.52,90,100,12.06,overcast clouds
310,Phuket,TH,8.0,98.25,85.08,89,20,1.14,few clouds
311,Deputatskiy,RU,69.3,139.9,6.19,92,100,3.06,overcast clouds
312,Kapaa,US,22.0752,-159.319,82.38,74,20,1.99,light rain
313,Kayes,ML,14.0,-11.0,84.29,40,27,2.57,scattered clouds
314,Yumen,CN,40.2833,97.2,13.15,67,98,13.53,overcast clouds
315,Great Yarmouth,GB,52.6083,1.7305,50.25,94,100,13.09,overcast clouds
316,Caronport,CA,50.4501,-105.8179,46.69,54,0,6.26,clear sky
317,Dunedin,NZ,-45.8742,170.5036,57.79,66,88,17.0,overcast clouds
318,Gat,IL,31.61,34.7642,72.39,55,0,4.76,clear sky
319,Tabou,CI,4.423,-7.3528,78.31,87,90,7.45,light rain
320,Kwinana,AU,-32.25,115.7667,64.24,58,100,7.94,overcast clouds
321,Clyde River,CA,70.4692,-68.5914,12.51,95,96,6.93,overcast clouds
322,Jalu,LY,29.0331,21.5482,70.7,38,0,6.73,clear sky
323,Hualmay,PE,-11.0964,-77.6139,64.44,86,80,9.31,broken clouds
324,Ilulissat,GL,69.2167,-51.1,23.02,50,20,12.66,few clouds
325,Cherskiy,RU,68.75,161.3,2.8,88,99,9.08,overcast clouds
326,Sola,VU,-13.8833,167.55,78.58,70,100,2.8,overcast clouds
327,Kimberley,ZA,-28.7323,24.7623,66.06,19,100,8.7,overcast clouds
328,Sao Francisco,BR,-15.9486,-44.8644,74.75,79,100,4.0,overcast clouds
329,Ayan,RU,56.45,138.1667,28.42,95,100,12.77,snow
330,Yelbarga,IN,15.6333,76.0167,70.59,89,99,7.29,overcast clouds
331,Coihaique,CL,-45.5752,-72.0662,46.35,81,0,1.14,clear sky
332,Grand Gaube,MU,-20.0064,57.6608,71.38,84,2,3.0,clear sky
333,Camacha,PT,33.0833,-16.3333,65.62,49,75,18.41,broken clouds
334,Sarkand,KZ,45.41,79.9186,15.93,71,2,5.77,clear sky
335,Lixourion,GR,38.2019,20.4314,70.41,66,100,11.52,overcast clouds
336,Waitati,NZ,-45.75,170.5667,57.79,66,100,11.16,overcast clouds
337,Kruisfontein,ZA,-34.0033,24.7314,57.4,82,100,4.41,overcast clouds
338,Batagay-Alyta,RU,67.8006,130.4114,3.96,82,100,6.11,overcast clouds
339,Kaitangata,NZ,-46.2817,169.8464,58.93,72,100,12.66,overcast clouds
340,Paamiut,GL,61.994,-49.6678,27.09,80,86,14.43,overcast clouds
341,Tilichiki,RU,60.4667,166.1,10.24,92,93,3.56,overcast clouds
342,Te Anau,NZ,-45.4167,167.7167,65.71,56,92,2.51,overcast clouds
343,Saint-Francois,FR,46.4154,3.9054,38.68,100,0,2.3,clear sky
344,Pervomayskoye,RU,43.919,46.7102,49.62,65,9,20.38,clear sky
345,Saint-Junien,FR,45.8833,0.9,43.38,95,6,2.77,clear sky
346,Makinsk,KZ,52.6292,70.4169,21.09,62,80,13.24,broken clouds
347,Alto Araguaia,BR,-17.3147,-53.2153,71.69,85,100,5.5,overcast clouds
348,Rivadavia,AR,-33.1905,-68.4608,60.71,20,24,10.2,few clouds
349,Hovd,MN,48.0056,91.6419,11.89,29,60,0.98,broken clouds
350,Lavrentiya,RU,65.5833,-171.0,7.83,81,100,11.81,overcast clouds
351,Penzance,GB,50.1186,-5.5371,51.76,78,100,13.98,overcast clouds
352,Huarmey,PE,-10.0681,-78.1522,65.48,85,65,7.87,broken clouds
353,Butembo,CD,0.15,29.2833,56.48,96,100,3.13,overcast clouds
354,Nova Friburgo,BR,-22.2819,-42.5311,57.38,98,45,2.39,scattered clouds
355,Iqaluit,CA,63.7506,-68.5145,15.53,86,40,3.44,scattered clouds
356,Nassjo,SE,57.6531,14.6968,42.3,92,45,11.36,scattered clouds
357,Bilma,NE,18.6853,12.9164,76.01,17,41,3.4,scattered clouds
358,North Bend,US,43.4065,-124.2243,54.86,96,90,0.0,mist
359,Flinders,AU,-34.5833,150.8552,76.21,70,38,3.0,scattered clouds
360,Portland,US,45.5234,-122.6762,52.38,78,8,1.99,clear sky
361,Lieksa,FI,63.3167,30.0167,39.99,83,98,11.03,light rain
362,Passau,DE,48.5712,13.449,41.76,94,95,1.3,overcast clouds
363,Kahului,US,20.8947,-156.47,87.82,63,20,27.63,few clouds
364,Melo,UY,-32.3667,-54.1833,55.92,77,100,13.44,light rain
365,Srandakan,ID,-7.9386,110.2506,83.59,70,19,2.53,few clouds
366,Santa Fe,AR,-31.6333,-60.7,59.76,79,100,8.75,overcast clouds
367,Phirangipuram,IN,16.3,80.2667,74.77,95,90,4.29,overcast clouds
368,Norman Wells,CA,65.282,-126.8329,15.67,97,100,1.34,overcast clouds
369,Abalak,RU,58.1286,68.5944,31.78,91,100,8.63,overcast clouds
370,Westerland,DE,54.9079,8.3033,51.82,82,90,13.8,overcast clouds
371,Shenjiamen,CN,29.9576,122.298,68.25,90,71,20.83,broken clouds
372,Pedasi,PA,7.5333,-80.0333,76.06,82,80,4.34,broken clouds
373,Lalmohan,BD,22.3384,90.7419,71.02,79,100,10.25,overcast clouds
374,Koungou,YT,-12.7336,45.2042,78.51,83,0,3.44,clear sky
375,Tinskoy,RU,56.1525,96.9161,23.05,91,100,13.85,snow
376,Kyrylivka,UA,46.3759,35.3675,54.09,89,97,7.7,overcast clouds
377,Neftcala,AZ,39.3742,49.2472,51.85,57,3,8.75,clear sky
378,Buchanan,LR,5.8808,-10.0467,78.49,87,100,5.64,light rain
379,Brae,GB,60.3964,-1.353,49.91,85,100,10.2,overcast clouds
380,Fontem,CM,5.4685,9.8818,66.22,91,69,2.3,broken clouds
381,Maravilha,BR,-26.7608,-53.1725,64.62,98,100,0.65,moderate rain
382,Santa Isabel Do Rio Negro,BR,-0.4139,-65.0192,79.02,76,100,2.77,overcast clouds
383,Kashi,CN,39.4547,75.9797,37.26,42,100,9.53,overcast clouds
384,Aquiraz,BR,-3.9014,-38.3911,81.18,79,100,8.93,overcast clouds
385,Curup,ID,-3.4667,102.5333,68.41,98,100,2.75,overcast clouds
386,Lasa,IT,46.6166,10.7002,36.01,70,29,4.41,scattered clouds
387,Maun,BW,-19.9833,23.4167,76.28,52,92,5.79,overcast clouds
388,Miandrivazo,MG,-19.5167,45.4667,75.78,55,0,3.38,clear sky
389,Muli,MV,2.9167,73.5667,83.03,73,100,18.88,overcast clouds
390,Canico,PT,32.6333,-16.85,69.08,80,75,12.66,broken clouds
391,Severo-Kurilsk,RU,50.6789,156.125,37.69,76,99,14.07,overcast clouds
392,Chapais,CA,49.7834,-74.8492,33.82,83,99,10.92,overcast clouds
393,Cururupu,BR,-1.8283,-44.8683,75.83,90,91,3.4,overcast clouds
394,Havre-Saint-Pierre,CA,50.2334,-63.5986,35.98,61,41,8.5,scattered clouds
395,Puerto Madero,MX,14.7208,-92.4215,80.8,100,75,2.3,broken clouds
396,Narodychi,UA,51.2029,29.0823,46.08,73,100,7.05,overcast clouds
397,Semey,KZ,50.4111,80.2275,12.42,79,0,8.95,clear sky
398,Tuktoyaktuk,CA,69.4541,-133.0374,21.2,93,90,9.22,overcast clouds
399,Kirakira,SB,-10.4544,161.9205,85.28,66,25,5.95,scattered clouds
400,Muzhi,RU,65.3667,64.6667,25.72,96,100,7.52,overcast clouds
401,Matamoros,MX,25.5333,-103.25,67.19,42,0,6.42,clear sky
402,Russell,US,32.3502,-85.1999,51.08,63,40,4.61,scattered clouds
403,Vaitape,PF,-16.5167,-151.75,79.0,75,26,7.61,light rain
404,Bismarck,US,46.8083,-100.7837,56.43,53,1,10.0,clear sky
405,Port-Cartier,CA,50.0334,-66.8654,35.74,66,16,8.37,few clouds
406,Blackwater,AU,-23.5833,148.8833,83.48,43,35,10.74,scattered clouds
407,Guilin,CN,25.2819,110.2864,71.11,95,96,3.06,overcast clouds
408,Poum,NC,-20.2333,164.0167,72.79,71,13,9.44,few clouds
409,Ixtapa,MX,20.7,-105.2,75.04,92,15,0.83,few clouds
410,Port Hardy,CA,50.6996,-127.4199,43.74,88,100,7.52,light rain
411,Kuytun,RU,54.3419,101.5036,8.76,81,100,3.49,overcast clouds
412,Kampene,CD,-3.6,26.6667,67.01,99,90,2.39,overcast clouds
413,Rosita,NI,13.9268,-84.4032,73.54,99,100,0.78,overcast clouds
414,Engenheiro Beltrao,BR,-23.7972,-52.2692,68.81,95,71,5.59,broken clouds
415,Teknaf,BD,20.8624,92.3058,72.41,73,22,7.83,few clouds
416,Floro,NO,61.5996,5.0328,46.36,66,40,17.27,scattered clouds
417,La Sarre,CA,48.8002,-79.1996,37.58,84,94,12.33,overcast clouds
418,Buala,SB,-8.145,159.5921,86.0,59,85,6.31,overcast clouds
419,Kysyl-Syr,RU,63.8986,122.7617,12.49,93,100,8.41,light snow
420,Petrovskaya,RU,45.4314,37.955,46.89,88,32,7.16,scattered clouds
421,Launceston,AU,-41.45,147.1667,69.44,64,75,12.66,broken clouds
422,Turukhansk,RU,65.8167,87.9833,-4.7,100,100,1.81,overcast clouds
423,Kapchorwa,UG,1.3965,34.4509,57.29,78,48,3.02,scattered clouds
424,Del Rio,US,29.3627,-100.8968,60.91,74,1,6.91,clear sky
425,Chernyshevsk,RU,52.5243,117.0174,11.73,51,3,11.95,clear sky
426,Banda Aceh,ID,5.5577,95.3222,79.0,84,100,6.53,overcast clouds
427,Liberal,US,37.0431,-100.921,54.16,62,1,9.22,clear sky
428,Townsville,AU,-19.25,146.8,85.08,58,94,16.11,overcast clouds
429,Taiobeiras,BR,-15.8078,-42.2331,67.01,92,42,1.99,scattered clouds
430,Quang Ngai,VN,15.1167,108.8,78.55,80,19,3.58,few clouds
431,Aykhal,RU,66.0,111.5,-4.32,100,84,7.47,broken clouds
432,Panorama,GR,40.5878,23.0315,58.14,88,63,1.01,broken clouds
433,Meulaboh,ID,4.1363,96.1285,77.22,88,100,4.43,light rain
434,Roebourne,AU,-20.7833,117.1333,89.53,30,7,3.09,clear sky
435,Ikongo,MG,-21.8833,47.4333,65.26,97,100,1.07,light rain
436,Bathsheba,BB,13.2167,-59.5167,81.21,78,40,19.57,scattered clouds
437,Aksu,CN,41.1231,80.2644,27.88,48,10,5.39,clear sky
438,Manokwari,ID,-0.8667,134.0833,84.24,69,70,5.97,broken clouds
439,Krasnoselkup,RU,65.7,82.4667,0.28,100,95,5.06,overcast clouds
440,Kamenka,RU,51.3223,42.7678,44.13,75,100,14.97,overcast clouds
441,Broome,US,42.2506,-75.833,37.78,69,1,3.0,clear sky
442,Pyapon,MM,16.2833,95.6833,77.43,88,100,5.14,overcast clouds
443,Saint-Philippe,RE,-21.3585,55.7679,71.22,73,0,4.74,clear sky
444,Shihezi,CN,44.3,86.0333,11.98,82,1,2.59,clear sky
445,Kitimat,CA,54.0524,-128.6534,42.91,44,94,2.13,overcast clouds
446,Porto Tolle,IT,44.9497,12.3245,51.12,70,100,12.53,overcast clouds
447,Tuy Hoa,VN,13.0833,109.3,78.42,84,46,3.8,scattered clouds
448,Ankang,CN,32.68,109.0172,61.83,84,100,3.09,overcast clouds
449,Rawah,IQ,34.4816,41.9093,66.43,40,0,7.65,clear sky
450,Dungarpur,IN,23.8333,73.7167,64.89,35,81,7.0,broken clouds
451,Kongolo,CD,-5.3833,27.0,66.67,96,100,2.01,overcast clouds
452,Green River,US,41.5286,-109.4662,48.97,50,60,1.99,broken clouds
453,Mahaut,DM,15.35,-61.4,80.06,73,34,10.6,scattered clouds
454,Rawlins,US,41.7911,-107.2387,48.42,35,1,6.91,clear sky
455,La Baule-Escoublac,FR,47.2922,-2.364,38.61,100,6,1.14,mist
456,Santa Cruz Del Sur,CU,20.7147,-77.9956,78.28,81,46,3.58,scattered clouds
457,Ozinki,RU,51.1786,49.6769,31.95,53,99,15.48,overcast clouds
458,Arkul,RU,57.2808,50.044,40.96,80,100,18.59,overcast clouds
459,Auki,SB,-8.7676,160.7034,87.49,59,29,2.3,scattered clouds
460,Ereymentau,KZ,51.6199,73.1033,19.51,62,78,17.78,broken clouds
461,Rio Gallegos,AR,-51.6226,-69.2181,55.45,44,40,9.22,scattered clouds
462,Ziarat,PK,30.3823,67.7282,44.1,37,6,3.71,clear sky
463,Rehoboth,NA,-23.3167,17.0833,68.88,21,23,1.63,few clouds
464,Avera,US,33.194,-82.5271,48.88,51,100,15.05,overcast clouds
465,Pocao De Pedras,BR,-4.6667,-44.85,81.19,70,91,0.94,overcast clouds
466,Lubaczow,PL,50.157,23.1234,41.52,86,7,7.58,clear sky
467,Tarakan,ID,3.3,117.6333,85.5,74,40,5.75,scattered clouds
468,La Orilla,MX,17.9833,-102.2333,78.44,82,91,3.31,overcast clouds
469,Bogotol,RU,56.2078,89.5342,20.91,87,100,20.15,overcast clouds
470,Celestun,MX,20.8667,-90.4,76.89,69,90,14.63,overcast clouds
471,Humberto De Campos,BR,-2.5983,-43.4611,75.56,92,100,4.99,overcast clouds
472,Turgenevo,RU,54.8455,46.3297,45.86,73,100,21.16,overcast clouds
473,Boyolangu,ID,-8.1181,111.8935,83.53,72,73,2.37,broken clouds
474,Dahegam,IN,23.1667,72.8167,60.57,36,70,8.81,broken clouds
475,Savannah Bight,HN,16.45,-85.85,81.0,75,99,14.14,overcast clouds
476,Valdosta,US,30.8327,-83.2785,44.55,94,90,13.8,moderate rain
477,Surt,LY,31.2089,16.5887,76.21,37,100,15.21,overcast clouds
478,Terrasini,IT,38.146,13.0844,68.9,88,20,14.97,few clouds
479,Qrendi,MT,35.8347,14.4583,70.11,94,100,10.36,overcast clouds
480,Monaghan,IE,54.25,-6.9667,48.38,94,100,10.27,overcast clouds
481,Borinskoye,RU,52.4569,39.3713,50.77,90,100,15.93,overcast clouds
482,Ylivieska,FI,64.0833,24.55,39.31,85,88,7.45,overcast clouds
483,Porto Walter,BR,-8.2686,-72.7439,76.41,74,71,3.62,broken clouds
484,Sotouboua,TG,8.5667,0.9833,74.7,83,100,0.89,overcast clouds
485,Oussouye,SN,12.485,-16.5469,78.37,76,23,3.83,light rain
486,Ranfurly,NZ,-45.1333,170.1,62.06,57,100,5.61,overcast clouds
487,Ca Mau,VN,9.1769,105.15,81.55,82,97,7.11,moderate rain
488,Akyab,MM,20.15,92.9,75.31,81,90,6.78,overcast clouds
489,Samarai,PG,-10.6167,150.6667,84.61,70,16,16.04,few clouds
490,San Vicente,AR,-26.6167,-54.1333,64.81,99,98,3.49,overcast clouds
491,Provideniya,RU,64.3833,-173.3,11.34,81,4,8.86,clear sky
492,Devonport,AU,-41.1667,146.35,66.09,88,100,6.24,overcast clouds
493,Araceli,PH,10.5529,119.9913,82.29,78,92,7.49,overcast clouds
494,Los Llanos De Aridane,ES,28.6585,-17.9182,64.15,69,75,10.0,broken clouds
495,Olinda,BR,-8.0089,-34.8553,82.13,74,20,8.05,few clouds
496,Spornoye,RU,50.8448,37.2913,51.82,84,100,12.46,overcast clouds
497,Krasnoslobodsk,RU,48.7072,44.5714,44.42,81,90,13.42,overcast clouds
498,Zhanaozen,KZ,43.3,52.8,29.16,29,0,12.44,clear sky
499,Adrar,MR,20.5022,-10.0711,70.54,37,100,9.55,overcast clouds
500,Tromso,NO,69.6496,18.957,34.38,93,75,2.3,broken clouds
501,Saurimo,AO,-9.6608,20.3916,63.37,87,52,0.94,broken clouds
502,Beloha,MG,-25.1667,45.05,64.51,76,5,13.13,clear sky
503,Vangaindrano,MG,-23.35,47.6,69.04,75,61,4.45,broken clouds
504,Vila,PT,42.0304,-8.1588,41.94,86,14,4.85,few clouds
505,Ambunti,PG,-4.2365,142.8448,86.32,65,59,3.83,broken clouds
506,Nova Serrana,BR,-19.8761,-44.9836,71.06,69,5,4.65,clear sky
507,Rio Bravo,MX,25.9833,-98.1,69.93,59,0,5.66,clear sky
508,Yaan,NG,7.3833,8.5667,76.1,87,100,4.61,overcast clouds
509,Villeneuve-Sur-Lot,FR,44.5,0.6667,39.81,90,2,5.84,clear sky
510,Cidreira,BR,-30.1811,-50.2056,68.63,90,100,12.95,overcast clouds
511,Innisfail,AU,-17.5333,146.0333,90.88,58,32,7.52,scattered clouds
512,Kieta,PG,-6.2167,155.6333,85.46,55,48,4.76,scattered clouds
513,Pinotepa Nacional,MX,16.3167,-98.0167,73.99,86,72,0.47,broken clouds
514,Jurm,AF,36.8648,70.8342,27.84,52,0,6.76,clear sky
515,Smithers,CA,54.7804,-127.1743,35.92,100,75,2.3,light rain
516,Saint-Leu,RE,-21.15,55.2833,70.68,73,0,8.61,clear sky
517,Narasannapeta,IN,18.4167,84.05,73.09,84,92,6.22,overcast clouds
518,San Ramon,US,37.7799,-121.978,59.92,75,1,5.75,clear sky
519,Houma,US,29.5958,-90.7195,61.0,89,100,3.0,overcast clouds
520,Falconara Marittima,IT,43.6233,13.4031,54.81,68,100,8.05,light rain
521,Wenling,CN,28.3669,121.36,72.91,89,22,3.94,few clouds
522,Kloulklubed,PW,7.0419,134.2556,82.9,76,88,12.66,overcast clouds
523,Klaksvik,FO,62.2266,-6.589,40.12,71,100,1.32,overcast clouds
524,Talavera De La Reina,ES,39.9635,-4.8308,41.77,76,0,4.27,clear sky
525,Bhag,PK,29.0415,67.8239,72.12,26,3,7.65,clear sky
526,Awbari,LY,26.5921,12.7805,72.18,22,0,10.27,clear sky
527,Gombong,ID,-7.6072,109.5142,84.83,75,22,0.72,few clouds
528,Castano Primo,IT,45.5536,8.7754,47.55,77,29,5.1,scattered clouds
529,Batemans Bay,AU,-35.7167,150.1833,77.99,67,56,11.07,broken clouds
530,Panjab,AF,34.388,67.0233,28.63,54,66,1.54,broken clouds
531,Tamandare,BR,-8.7597,-35.1047,78.58,87,100,9.15,overcast clouds
532,Soissons,FR,49.3333,3.3333,39.42,90,12,4.05,few clouds
533,Grants Pass,US,42.439,-123.3284,51.31,92,90,1.01,fog
534,Smolenka,RU,52.1352,113.4974,10.47,67,11,11.18,few clouds
535,Mitu,CO,1.1983,-70.1733,72.93,98,100,1.57,overcast clouds
536,Canavieiras,BR,-15.675,-38.9472,74.21,95,47,4.56,scattered clouds
537,Bo Phloi,TH,14.3236,99.5161,83.32,82,72,1.39,broken clouds
538,Urumqi,CN,43.801,87.6005,14.95,73,0,2.24,clear sky
539,Pisco,PE,-13.7,-76.2167,64.45,82,0,10.36,clear sky
540,Dorado,PR,18.4588,-66.2677,81.75,93,13,8.46,few clouds
541,Eureka,US,40.8021,-124.1637,54.68,93,100,1.39,overcast clouds
542,Portree,GB,57.4129,-6.1942,49.51,95,100,12.82,overcast clouds
543,Marzuq,YE,14.4,46.4667,66.69,31,88,2.57,overcast clouds
544,Canutama,BR,-6.5339,-64.3831,74.37,96,100,2.24,heavy intensity rain
545,Galle,LK,6.0367,80.217,79.43,82,49,9.82,light rain
546,Rolla,US,37.9514,-91.7713,44.85,52,1,4.61,clear sky
547,Martapura,ID,-3.4167,114.85,85.64,66,96,2.15,overcast clouds
548,Luderitz,NA,-26.6481,15.1594,58.55,74,10,16.11,clear sky
549,Neiafu,TO,-18.65,-173.9833,86.68,54,20,10.36,few clouds
550,Purpe,RU,64.4803,76.6897,10.83,94,81,6.35,broken clouds
551,Tukrah,LY,32.5341,20.5791,75.25,40,16,3.69,few clouds
552,Ouegoa,NC,-20.35,164.4333,77.77,59,33,3.58,scattered clouds
553,Saint Anthony,US,45.0205,-93.218,56.3,61,1,8.01,clear sky
554,Kyaikto,MM,17.3,97.0167,77.49,84,97,3.44,overcast clouds
555,Kirksville,US,40.1948,-92.5833,46.58,67,1,1.01,clear sky
556,Umm Kaddadah,SD,13.6017,26.6876,79.65,23,5,13.51,clear sky
557,Iberia,US,29.9502,-91.7507,53.6,87,1,5.75,clear sky
558,Baykit,RU,61.67,96.37,18.21,95,100,5.95,snow
559,Bachaquero,VE,9.9694,-71.1494,80.64,78,56,4.56,broken clouds
560,Caconda,AO,-13.7333,15.0667,61.99,85,100,2.48,overcast clouds
561,Stawell,AU,-37.05,142.7667,65.43,82,100,13.27,light rain
562,Kommunisticheskiy,RU,61.6789,64.4819,34.59,98,100,8.95,overcast clouds
563,Talaya,RU,61.3833,152.75,19.02,87,100,7.87,overcast clouds
564,Wadi Musa,JO,30.3222,35.4793,60.1,50,0,6.69,clear sky
565,Parabel,RU,58.6978,81.4825,28.08,93,98,11.9,overcast clouds
566,Puerto Madryn,AR,-42.7692,-65.0385,56.35,64,0,16.37,clear sky
567,Aberdeen,GB,57.1437,-2.0981,50.49,90,100,8.05,overcast clouds
568,Itarema,BR,-2.9248,-39.9167,80.53,78,100,12.84,overcast clouds
569,Okhotsk,RU,59.3833,143.3,33.53,98,100,17.6,snow
570,Aromashevo,RU,56.8602,68.6375,31.62,88,100,11.18,overcast clouds
571,Baruun-Urt,MN,46.6806,113.2792,11.08,41,100,6.35,overcast clouds
572,Boma,GH,7.0805,-2.1697,71.87,99,100,4.72,heavy intensity rain
573,El Paraiso,HN,13.8667,-86.55,67.15,93,52,3.38,broken clouds
574,Chuy,UY,-33.6971,-53.4616,59.81,71,100,14.12,overcast clouds
575,Ekibastuz,KZ,51.6667,75.3667,23.92,55,88,18.28,overcast clouds
576,Yanam,IN,16.7333,82.2167,75.6,86,99,7.14,overcast clouds
577,Nicoya,CR,10.1483,-85.452,75.09,93,74,2.46,broken clouds
578,Mizdah,LY,31.4451,12.9801,72.5,21,95,4.81,overcast clouds
579,Omsukchan,RU,62.5333,155.8,11.77,94,100,8.55,overcast clouds
580,Snezhnogorsk,RU,69.1933,33.2531,31.78,98,100,2.21,overcast clouds
581,Zubtsov,RU,56.1753,34.5894,44.89,79,100,14.03,overcast clouds
582,Dandong,CN,40.1292,124.3947,56.23,71,0,3.6,clear sky
583,Shache,CN,38.4167,77.2406,34.92,35,100,7.58,overcast clouds
584,Donskoye,RU,45.4552,41.9741,50.13,83,8,12.37,clear sky
585,Christchurch,NZ,-43.5333,172.6333,62.33,65,90,4.0,overcast clouds
586,Poya,NC,-21.35,165.15,77.88,54,21,9.24,few clouds
587,Camana,PE,-16.6228,-72.7111,65.39,81,44,6.2,scattered clouds
588,Pareora,NZ,-44.4871,171.2132,57.63,71,93,13.04,overcast clouds
589,Akranes,IS,64.3218,-22.0749,39.65,63,100,10.31,overcast clouds
590,Gazli,UZ,40.1333,63.45,30.9,43,0,8.14,clear sky
591,Brigantine,US,39.4101,-74.3646,46.99,79,1,0.0,clear sky
592,Teguise,ES,29.0605,-13.564,62.82,59,40,18.41,scattered clouds
593,Vestmannaeyjar,IS,63.4427,-20.2734,39.56,80,100,26.28,overcast clouds
594,Kokkola,FI,63.8385,23.1307,39.92,93,0,1.99,clear sky
595,Soria,ES,41.6667,-2.6667,34.86,84,8,7.7,clear sky
596,Birjand,IR,32.8663,59.2211,39.67,52,0,6.91,clear sky
597,Roncesvalles,CO,4.0108,-75.6049,51.89,95,64,1.45,broken clouds
598,Ancud,CL,-41.8697,-73.8203,53.42,80,5,2.66,clear sky
599,Panguna,PG,-6.3164,155.4848,83.43,44,71,3.29,broken clouds
600,San Cristobal,VE,7.7669,-72.225,66.24,96,52,2.59,broken clouds
601,Smoky Lake,CA,54.1169,-112.4686,39.92,87,25,3.44,scattered clouds
602,Saint-Georges,GD,12.0564,-61.7485,80.67,81,14,13.13,few clouds
603,Atlantic City,US,39.3643,-74.4229,45.99,80,1,3.44,clear sky
604,Hailey,US,43.5196,-114.3153,48.06,62,90,0.0,overcast clouds
605,Omboue,GA,-1.5746,9.2618,75.88,89,100,6.89,overcast clouds
606,Yarada,IN,17.65,83.2667,79.12,83,40,4.61,mist
607,San Rafael,AR,-34.6177,-68.3301,56.73,23,35,6.35,scattered clouds
608,Nurota,UZ,40.5614,65.6886,23.09,50,0,4.74,clear sky
609,Xuanhua,CN,40.6103,115.0447,38.79,60,100,10.4,overcast clouds
610,Yeppoon,AU,-23.1333,150.7333,83.98,63,20,12.33,few clouds
611,Taltal,CL,-25.4,-70.4833,61.52,75,1,3.27,clear sky
612,Amposta,ES,40.7131,0.581,51.93,65,59,12.24,broken clouds
613,Beipiao,CN,41.7919,120.7792,36.7,39,99,19.84,overcast clouds
614,Zhoucheng,CN,35.9122,116.3117,64.54,69,52,3.87,broken clouds
615,Tautira,PF,-17.7333,-149.15,82.42,71,97,5.59,overcast clouds
616,Edd,ER,13.9297,41.6925,82.04,51,38,7.07,scattered clouds
617,Port Lincoln,AU,-34.7333,135.8667,65.55,73,96,14.58,overcast clouds
618,Volga,RU,57.9516,38.3879,45.34,77,57,13.38,broken clouds
619,Hambantota,LK,6.1241,81.1185,77.34,100,40,2.3,scattered clouds
620,Madang,PG,-5.2246,145.7966,86.14,62,96,5.53,overcast clouds
621,Igarka,RU,67.4667,86.5833,-10.43,100,94,1.74,overcast clouds
622,Dicabisagan,PH,17.0818,122.4157,85.68,68,29,5.01,scattered clouds
623,Winsum,NL,53.33,6.5208,49.98,61,100,13.51,overcast clouds
624,Bud,US,39.447,-86.1758,42.64,82,0,5.41,clear sky
625,Belyy Yar,RU,53.6039,91.3903,30.09,64,75,15.66,broken clouds
626,Ayabaca,PE,-4.6398,-79.7149,50.81,81,100,0.83,overcast clouds
627,Waddan,LY,29.1614,16.139,72.01,30,2,10.11,clear sky
628,Xining,CN,36.6167,101.7667,22.57,80,100,6.71,light snow
629,Andilamena,MG,-17.0167,48.5833,64.54,81,97,4.79,overcast clouds
630,Minnedosa,CA,50.2453,-99.8436,48.29,70,100,13.33,overcast clouds
631,Dawson Creek,CA,55.7666,-120.2362,33.44,100,90,8.05,light snow
632,Magadan,RU,59.5667,150.8,25.54,96,100,3.83,light snow
633,Sirnak,TR,37.5228,42.4594,49.6,52,0,6.91,clear sky
634,Sebinkarahisar,TR,40.2883,38.4236,44.82,51,4,0.76,clear sky
635,Madera,US,37.1666,-119.8343,67.98,73,100,3.09,overcast clouds
636,Shubarshi,KZ,48.5872,57.1869,25.02,24,19,5.73,few clouds
637,La Ciotat,FR,43.1748,5.6045,55.81,53,58,8.32,broken clouds
638,Bonthe,SL,7.5264,-12.505,79.41,81,9,3.49,clear sky
639,Marawi,PH,7.9986,124.2928,75.65,66,86,3.15,overcast clouds
640,Umuarama,BR,-23.7664,-53.325,68.38,91,100,10.54,overcast clouds
641,Santiago Del Estero,AR,-27.7951,-64.2615,55.15,57,100,14.61,overcast clouds
642,Masuguru,TZ,-11.3667,38.4167,74.3,72,9,3.71,clear sky
643,Sao Gabriel Da Cachoeira,BR,-0.1303,-67.0892,75.45,90,40,0.6,scattered clouds
644,Umm Lajj,SA,25.0213,37.2685,80.44,49,0,7.96,clear sky
645,Gilbues,BR,-9.8317,-45.3439,73.17,88,93,1.68,overcast clouds
646,Mehamn,NO,71.0357,27.8492,35.67,96,100,22.73,overcast clouds
647,Luohe,CN,33.5717,114.0353,64.54,79,65,7.85,broken clouds
648,Svetlaya,RU,46.5389,138.3297,49.55,56,95,9.35,overcast clouds
649,Matagami,CA,49.7502,-77.6328,37.18,83,99,10.6,overcast clouds
650,Axim,GH,4.8699,-2.2405,75.67,91,100,2.8,overcast clouds
651,Moindou,NC,-21.6924,165.677,78.75,59,44,11.95,scattered clouds
652,Boshnyakovo,RU,49.6333,142.1667,43.05,74,92,13.24,overcast clouds
653,Ondjiva,AO,-17.0667,15.7333,72.05,52,97,7.85,overcast clouds
654,Atar,MR,20.5169,-13.0499,75.18,36,5,8.95,clear sky
655,Coihueco,CL,-36.6167,-71.8333,56.14,77,0,4.61,clear sky
656,Skjervoy,NO,70.0311,20.9714,38.97,83,100,2.82,overcast clouds
657,Tahta,EG,26.7693,31.5021,69.85,55,0,6.24,clear sky
658,Mnogovershinnyy,RU,53.9353,139.9242,33.46,83,85,7.74,overcast clouds
659,Balkhash,KZ,46.844,74.9804,11.01,85,0,4.47,clear sky
660,Baie-Comeau,CA,49.2168,-68.1489,37.09,69,18,8.37,few clouds
661,Cabedelo,BR,-6.9811,-34.8339,79.47,82,53,9.84,broken clouds
662,Orlik,RU,52.5178,99.825,4.68,76,100,3.15,overcast clouds
663,Broken Hill,AU,-31.95,141.4333,85.41,26,94,14.36,overcast clouds
664,Abnub,EG,27.2696,31.1511,68.45,64,0,7.63,clear sky
665,Hervey Bay,AU,-25.2986,152.8535,80.71,66,24,9.48,few clouds
666,Doha,QA,25.2867,51.5333,76.98,73,0,3.44,clear sky
667,Krasnyy Luch,UA,48.1395,38.9371,44.89,94,54,5.79,broken clouds
668,Chimbote,PE,-9.0853,-78.5783,64.36,85,83,8.1,broken clouds
669,Saltpond,GH,5.2091,-1.0606,77.45,87,97,5.66,overcast clouds
670,Gijon,ES,43.5357,-5.6615,49.8,90,9,4.0,clear sky
671,Araioses,BR,-2.89,-41.9031,77.63,90,82,6.85,broken clouds
672,Birao,CF,10.2849,22.7882,75.34,44,12,2.86,few clouds
673,Bay Roberts,CA,47.5999,-53.2648,34.52,93,100,4.0,snow
674,Pitimbu,BR,-7.4706,-34.8086,79.39,83,29,10.8,scattered clouds
675,Santa Helena De Goias,BR,-17.8136,-50.5969,76.91,65,36,5.5,scattered clouds
676,Batesville,US,35.7698,-91.641,44.64,71,1,0.0,clear sky
677,Clarence Town,AU,-32.5833,151.7833,79.95,42,38,3.6,scattered clouds
678,Bekeshevskaya,RU,44.1139,42.4269,43.97,67,32,2.98,scattered clouds
679,Dubbo,AU,-32.25,148.6167,77.13,53,75,8.05,broken clouds
680,Talara,PE,-4.5772,-81.2719,64.54,90,24,15.79,few clouds
681,Cap Malheureux,MU,-19.9842,57.6142,72.46,85,1,1.99,clear sky
682,Smidovich,RU,48.6,133.8167,40.44,82,100,14.7,light rain
683,Pangnirtung,CA,66.1451,-65.7125,14.99,68,93,9.24,overcast clouds
684,Zhaotong,CN,27.3167,103.7167,52.92,76,62,2.1,broken clouds
685,Mao,ES,39.8885,4.2658,55.96,82,75,28.77,broken clouds
686,Sorland,NO,67.667,12.6934,42.4,76,93,33.44,overcast clouds
687,Nabire,ID,-3.3667,135.4833,85.17,70,96,2.93,overcast clouds
688,Kangaatsiaq,GL,68.3065,-53.4641,20.21,62,16,8.37,few clouds
689,Linxia,CN,35.6003,103.2064,22.51,77,100,6.51,light snow
690,Ndende,GA,-2.4008,11.3581,72.95,99,100,1.39,overcast clouds
691,Kargasok,RU,59.0556,80.8572,28.51,94,95,11.95,overcast clouds
692,Antofagasta,CL,-23.65,-70.4,61.88,82,52,6.76,broken clouds
693,Makakilo City,US,21.3469,-158.0858,82.72,61,40,11.5,scattered clouds
694,Balsas,BR,-7.5325,-46.0356,75.92,86,54,0.67,broken clouds
695,Anahuac,MX,27.2333,-100.15,62.56,60,0,9.6,clear sky
696,Mitsamiouli,KM,-11.3847,43.2844,78.94,77,85,2.42,overcast clouds
697,Weihai,CN,37.5017,122.1136,63.27,66,64,10.33,broken clouds
698,Tumut,AU,-35.3,148.2167,76.19,68,94,7.31,overcast clouds
699,Villamontes,BO,-21.25,-63.5,56.8,88,100,6.08,moderate rain
700,Najran,SA,17.4924,44.1277,59.86,30,100,1.1,overcast clouds
701,Kantunilkin,MX,21.0917,-87.45,74.95,83,98,2.77,overcast clouds
702,Fare,PF,-16.7,-151.0167,79.66,73,82,8.55,light rain
703,Nouadhibou,MR,20.931,-17.0347,69.04,77,0,15.46,clear sky
704,Mitchelstown,IE,52.2658,-8.2681,48.83,94,94,4.68,overcast clouds
705,Howard Springs,AU,-12.497,131.047,87.87,73,49,2.17,scattered clouds
706,Tambo Grande,PE,-4.9269,-80.3447,72.09,64,46,14.12,scattered clouds
707,Alofi,NU,-19.0595,-169.9187,77.11,77,37,15.3,scattered clouds
708,Upata,VE,8.0086,-62.3989,72.48,87,100,6.15,overcast clouds
709,Ternate,ID,0.8,127.4,85.8,67,98,2.8,overcast clouds
710,Ust-Kuyga,RU,70.0167,135.6,-13.65,100,86,1.48,overcast clouds
711,Quebec,CA,46.8123,-71.2145,36.88,79,12,6.08,few clouds
712,Manggar,ID,-2.8833,108.2667,84.42,68,100,1.7,overcast clouds
713,Traverse City,US,44.7631,-85.6206,46.99,76,75,9.22,broken clouds
714,Fengzhen,CN,40.4394,113.1536,25.81,79,100,23.29,light snow
715,Aljezur,PT,37.3191,-8.8033,50.92,62,0,7.81,clear sky
716,Havelock,US,34.8791,-76.9013,50.95,70,100,3.0,overcast clouds
717,Sao Joao Da Barra,BR,-21.6403,-41.0511,68.38,87,4,6.8,clear sky
718,Camocim,BR,-2.9022,-40.8411,79.38,83,100,8.14,overcast clouds
719,Pozo Colorado,PY,-23.4923,-58.7972,61.34,83,100,10.22,overcast clouds
720,Petatlan,MX,17.5167,-101.2667,82.2,90,100,2.86,overcast clouds
721,Paragominas,BR,-2.9667,-47.4833,77.25,80,86,3.6,overcast clouds
722,Yulara,AU,-25.2406,130.9889,91.24,35,62,10.36,broken clouds
723,Campobasso,IT,41.6333,14.5833,54.81,98,100,4.68,overcast clouds
724,Erzin,TR,36.9559,36.2,54.12,36,5,4.32,clear sky
725,Ketchikan,US,55.3422,-131.6461,43.27,87,90,16.11,moderate rain
726,Beyneu,KZ,45.3167,55.2,31.87,62,0,10.71,clear sky
727,Rafsanjan,IR,30.4067,55.9939,49.46,63,66,6.58,broken clouds
728,Gagarin,RU,55.5529,34.9954,42.87,82,100,14.65,overcast clouds
729,Waipawa,NZ,-41.4122,175.5153,57.04,98,100,9.35,overcast clouds
730,Mandera,KE,3.9366,41.867,79.2,65,0,9.01,clear sky
731,Villaviciosa,ES,43.4813,-5.4357,49.96,97,17,4.83,few clouds
732,Buin,CL,-33.7333,-70.75,64.74,49,0,2.26,clear sky
733,Phangnga,TH,8.4509,98.5298,84.9,79,100,3.69,light rain
734,Condado,CU,21.8767,-79.8403,77.85,87,89,3.49,overcast clouds
735,Dingle,PH,10.9995,122.6711,85.57,73,74,7.31,broken clouds
736,Aranos,NA,-24.1333,19.1167,68.49,20,49,8.5,scattered clouds
737,Ada,US,43.4166,-116.1262,62.15,36,75,5.99,broken clouds
738,Kopayhorod,UA,48.8592,27.7969,50.61,70,100,10.69,overcast clouds
739,Jumla,NP,29.2747,82.1838,46.94,32,38,3.11,scattered clouds
740,Bernalda,IT,40.4128,16.692,64.76,94,100,7.05,overcast clouds
741,Lazaro Cardenas,MX,17.9583,-102.2,78.33,82,82,2.51,broken clouds
742,Kailua,US,21.4022,-157.7394,84.18,73,40,9.22,scattered clouds
743,Grand-Lahou,CI,5.1367,-5.0242,77.76,88,91,4.38,moderate rain
